0.591,0.4995,0.694,0.05988,0.2551,0.4695,0.875,0.6133,0.7534,0.9053,0.4,0.546,0.07184,0.969,0.1531,0.08887,0.668,0.8896,0.937,0.9053,0.97,0.09216,0.8984,0.6084,0.748,0.7217,0.328,0.4832,0.698,0.2416,0.1407,0.313,0.5103,0.4832,0.1666,0.309,0.79,0.9644,0.239,0.6523,0.2279,0.703,0.11456,0.748,0.313,0.4883,0.97,0.2986,0.6133,0.10284,0.8955,0.866,0.878,0.398,0.6855,0.866,0.2986,0.09216,0.3694,0.2607,0.495,0.8154,0.239,0.05972,0.703,0.3694,0.8955,0.2607,0.9316,0.0261,0.462,0.867,0.832,0.4653,0.811,0.885,0.546,0.10284,0.8633,0.398,0.585,0.8477,0.05988,0.9316,0.7163,0.866,0.07184,0.2551,0.591,0.6855,0.9375,0.371,0.11456,0.371,0.309,0.6523,0.495,0.2279,0.867,0.9316
0.4575,0.5454,0.754,0.05988,0.399,0.4797,0.867,0.509,0.7183,0.8765,0.4575,0.4995,0.07184,0.9697,0.147,0.0905,0.6562,0.8975,0.9077,0.9053,0.967,0.0913,0.8965,0.611,0.719,0.5923,0.328,0.488,0.592,0.2396,0.11975,0.4524,0.509,0.4797,0.2378,0.3452,0.8286,0.967,0.2957,0.66,0.2605,0.703,0.1874,0.751,0.311,0.488,0.9697,0.2385,0.611,0.1729,0.8965,0.866,0.9077,0.2854,0.7183,0.866,0.2957,0.0913,0.3274,0.294,0.3945,0.8237,0.2396,0.0598,0.8203,0.3706,0.8965,0.2605,0.9106,0.04895,0.4575,0.871,0.8237,0.5923,0.754,0.8975,0.5454,0.1249,0.867,0.399,0.588,0.8765,0.0598,0.9316,0.717,0.866,0.04895,0.249,0.4932,0.604,0.8203,0.3704,0.11975,0.3704,0.4575,0.6562,0.4932,0.2385,0.8286,0.9316
0.881,0.5015,0.642,0.0598,0.5137,0.4922,0.867,0.506,0.599,0.743,0.6025,0.546,0.06586,0.9688,0.1599,0.09094,0.6284,0.7627,0.835,0.919,0.901,0.0911,0.8984,0.755,0.718,0.674,0.3276,0.581,0.5635,0.2625,0.11975,0.455,0.506,0.395,0.2382,0.3196,0.6963,0.9683,0.2957,0.626,0.2605,0.6997,0.1874,0.7524,0.3955,0.4922,0.9688,0.2383,0.6104,0.1599,0.798,0.8687,0.873,0.2625,0.794,0.829,0.2957,0.0911,0.3276,0.3196,0.395,0.827,0.239,0.06586,0.8223,0.3706,0.897,0.2605,0.871,0.04895,0.4563,0.8477,0.836,0.626,0.794,0.897,0.546,0.187,0.8306,0.3848,0.599,0.873,0.0598,0.881,0.718,0.8687,0.04895,0.187,0.4932,0.6025,0.8223,0.3706,0.11975,0.3848,0.4563,0.642,0.4932,0.239,0.829,0.919
0.4895,0.4973,0.758,0.0598,0.51,0.627,0.8745,0.508,0.6133,0.7197,0.608,0.579,0.0574,0.9688,0.1599,0.09106,0.628,0.684,0.8354,0.919,0.899,0.09106,0.8984,0.6885,0.6475,0.684,0.3276,0.579,0.6587,0.2625,0.11975,0.456,0.59,0.516,0.2386,0.4028,0.7197,0.9688,0.3345,0.6973,0.3047,0.6973,0.1873,0.778,0.3838,0.4927,0.9688,0.266,0.6045,0.2157,0.778,0.868,0.873,0.2673,0.794,0.829,0.2673,0.09106,0.2832,0.3345,0.3394,0.8486,0.289,0.1775,0.8223,0.274,0.8975,0.266,0.8496,0.1614,0.3086,0.8486,0.8354,0.627,0.794,0.8975,0.516,0.1871,0.829,0.3467,0.4756,0.873,0.0598,0.8745,0.6885,0.868,0.0574,0.1873,0.4863,0.59,0.8223,0.3828,0.11975,0.3838,0.456,0.642,0.4895,0.2386,0.829,0.919
0.6895,0.4934,0.7,0.0598,0.509,0.56,0.874,0.5566,0.6104,0.6274,0.6187,0.629,0.0574,0.9688,0.1606,0.09106,0.627,0.6416,0.7383,0.8286,0.898,0.09106,0.8633,0.776,0.668,0.6904,0.3384,0.5566,0.629,0.2642,0.11975,0.456,0.6826,0.602,0.2386,0.391,0.749,0.944,0.467,0.6987,0.2969,0.584,0.1873,0.778,0.3857,0.4912,0.9688,0.2642,0.602,0.2014,0.664,0.766,0.8193,0.2666,0.8066,0.818,0.2705,0.09106,0.29,0.336,0.3384,0.833,0.2993,0.11865,0.8276,0.2705,0.8486,0.2666,0.849,0.1606,0.2993,0.8555,0.8486,0.627,0.6553,0.898,0.7554,0.2014,0.792,0.336,0.481,0.871,0.11865,0.874,0.73,0.871,0.0574,0.1873,0.6055,0.584,0.8257,0.3857,0.11975,0.391,0.531,0.6147,0.5527,0.2386,0.6895,0.944
0.544,0.588,0.6973,0.0586,0.3738,0.5586,0.7407,0.6455,0.621,0.5825,0.6133,0.637,0.05798,0.9688,0.1606,0.09106,0.632,0.6343,0.757,0.8687,0.7656,0.09106,0.867,0.7607,0.666,0.728,0.3372,0.5547,0.6143,0.2642,0.1195,0.4763,0.705,0.6914,0.5137,0.4524,0.7407,0.944,0.469,0.754,0.2935,0.5205,0.1873,0.778,0.4531,0.4763,0.9688,0.3586,0.602,0.28,0.666,0.7656,0.8184,0.2734,0.752,0.805,0.272,0.1815,0.238,0.2866,0.3125,0.8525,0.306,0.2123,0.827,0.2686,0.8486,0.2405,0.8486,0.2006,0.2505,0.8525,0.8496,0.621,0.6724,0.867,0.754,0.2256,0.805,0.3372,0.469,0.8496,0.1192,0.8687,0.6914,0.867,0.1418,0.1646,0.6143,0.588,0.827,0.3884,0.1195,0.2764,0.5825,0.621,0.4155,0.238,0.544,0.944
0.625,0.672,0.68,0.0583,0.3699,0.5703,0.6533,0.6387,0.6357,0.6035,0.614,0.62,0.0583,0.9688,0.1409,0.09106,0.6294,0.6357,0.761,0.749,0.7637,0.09106,0.808,0.7573,0.721,0.746,0.3372,0.5493,0.676,0.2686,0.1195,0.576,0.721,0.6562,0.5576,0.461,0.743,0.944,0.5215,0.753,0.2998,0.5215,0.1873,0.672,0.4875,0.482,0.9688,0.3699,0.5195,0.2832,0.68,0.6313,0.7197,0.2688,0.6934,0.749,0.2642,0.2812,0.2393,0.2776,0.2944,0.801,0.2998,0.219,0.814,0.2686,0.829,0.2386,0.849,0.2006,0.2642,0.851,0.84,0.748,0.672,0.8076,0.782,0.219,0.71,0.3372,0.461,0.8164,0.1522,0.868,0.6934,0.8423,0.1409,0.1522,0.7764,0.585,0.829,0.2812,0.1195,0.2944,0.6807,0.7,0.4155,0.2386,0.625,0.944
0.866,0.6147,0.5576,0.0583,0.5186,0.6113,0.6353,0.7104,0.576,0.634,0.6113,0.6147,0.0583,0.9688,0.1465,0.09106,0.7246,0.6045,0.7627,0.6787,0.72,0.09106,0.8076,0.755,0.7207,0.7334,0.3372,0.666,0.7393,0.2664,0.1195,0.655,0.7207,0.661,0.5576,0.5576,0.7803,0.944,0.5396,0.6475,0.2998,0.5215,0.1697,0.6597,0.376,0.5576,0.9688,0.373,0.5186,0.2822,0.678,0.6367,0.72,0.2732,0.677,0.711,0.373,0.2817,0.239,0.2732,0.2944,0.662,0.2998,0.219,0.764,0.2686,0.7705,0.239,0.8555,0.185,0.2664,0.851,0.844,0.764,0.666,0.789,0.7104,0.219,0.701,0.3372,0.4382,0.7246,0.2119,0.8555,0.702,0.837,0.1409,0.1465,0.661,0.662,0.837,0.2817,0.1195,0.2944,0.6787,0.701,0.4382,0.2119,0.6367,0.866
0.6733,0.755,0.649,0.0583,0.5527,0.5977,0.6357,0.6543,0.567,0.635,0.608,0.6465,0.0583,0.956,0.1465,0.09106,0.6895,0.648,0.7637,0.6777,0.6846,0.09106,0.7334,0.7593,0.702,0.792,0.355,0.692,0.7397,0.2664,0.1195,0.658,0.7207,0.663,0.5845,0.5938,0.7847,0.956,0.5845,0.6025,0.4468,0.5527,0.1774,0.59,0.2612,0.6025,0.9688,0.4814,0.6143,0.2717,0.58,0.6357,0.6504,0.3042,0.669,0.706,0.355,0.2908,0.239,0.207,0.2944,0.6562,0.2908,0.219,0.8096,0.271,0.755,0.239,0.7285,0.1774,0.2664,0.8535,0.839,0.746,0.6626,0.7656,0.69,0.219,0.698,0.3042,0.5684,0.7285,0.2119,0.711,0.57,0.776,0.207,0.2717,0.669,0.6626,0.839,0.288,0.1195,0.288,0.711,0.7017,0.57,0.2119,0.6733,0.792
0.1919,0.7173,0.648,0.0583,0.709,0.58,0.635,0.6553,0.58,0.635,0.7017,0.649,0.0583,0.9624,0.1927,0.09106,0.687,0.648,0.7646,0.676,0.687,0.09106,0.746,0.6904,0.702,0.74,0.355,0.734,0.74,0.2664,0.1195,0.658,0.7173,0.663,0.663,0.6284,0.7075,0.956,0.699,0.615,0.5576,0.555,0.1774,0.602,0.227,0.6025,0.9624,0.6074,0.607,0.2715,0.5938,0.62,0.649,0.3042,0.658,0.7075,0.4875,0.3892,0.308,0.2576,0.2925,0.6553,0.2815,0.247,0.699,0.2715,0.733,0.218,0.7285,0.212,0.2393,0.782,0.839,0.746,0.663,0.7646,0.694,0.2341,0.694,0.269,0.5693,0.7285,0.2405,0.782,0.5693,0.6074,0.218,0.2715,0.555,0.663,0.839,0.2642,0.1919,0.2815,0.733,0.702,0.5693,0.212,0.676,0.7017
0.2173,0.7173,0.648,0.1223,0.7056,0.58,0.635,0.6553,0.58,0.635,0.7017,0.602,0.1624,0.9624,0.1924,0.0996,0.687,0.671,0.7646,0.676,0.687,0.0996,0.746,0.6997,0.7056,0.74,0.315,0.7334,0.74,0.1812,0.1223,0.658,0.7173,0.663,0.663,0.6387,0.7075,0.959,0.6973,0.6113,0.5566,0.5977,0.1848,0.602,0.2263,0.605,0.959,0.497,0.6094,0.2034,0.609,0.609,0.6387,0.3096,0.658,0.7075,0.591,0.497,0.3096,0.2644,0.2812,0.6553,0.315,0.2437,0.698,0.2302,0.7334,0.2107,0.7285,0.2114,0.2415,0.782,0.839,0.746,0.663,0.7646,0.591,0.2302,0.671,0.2461,0.5693,0.7305,0.2438,0.782,0.5693,0.6094,0.2151,0.2542,0.5566,0.663,0.839,0.2644,0.2195,0.2812,0.7305,0.6997,0.5693,0.2173,0.676,0.698
0.6777,0.7173,0.659,0.156,0.7056,0.58,0.635,0.6553,0.5747,0.635,0.7,0.6035,0.121,0.96,0.1979,0.1348,0.687,0.659,0.7476,0.676,0.687,0.121,0.7417,0.6997,0.7056,0.7896,0.2399,0.7334,0.74,0.183,0.156,0.658,0.7173,0.663,0.663,0.6387,0.7075,0.961,0.698,0.6104,0.5566,0.648,0.2076,0.602,0.2256,0.6035,0.96,0.3506,0.48,0.3389,0.4858,0.6094,0.5566,0.433,0.546,0.627,0.609,0.4858,0.3123,0.2644,0.2812,0.632,0.3123,0.2449,0.665,0.2302,0.699,0.217,0.7373,0.2076,0.2415,0.7407,0.786,0.7417,0.7266,0.7456,0.58,0.2302,0.6733,0.2443,0.657,0.694,0.2443,0.786,0.6367,0.623,0.2144,0.2399,0.59,0.6265,0.7896,0.2644,0.217,0.2812,0.7476,0.637,0.5747,0.2144,0.6553,0.6777
0.2368,0.5127,0.6885,0.156,0.692,0.6357,0.6367,0.6455,0.6094,0.635,0.6895,0.633,0.121,0.96,0.2646,0.1454,0.647,0.665,0.6973,0.6846,0.6885,0.121,0.715,0.699,0.713,0.755,0.2399,0.6074,0.7393,0.1904,0.1454,0.6323,0.715,0.709,0.6055,0.6367,0.7075,0.9604,0.704,0.657,0.607,0.567,0.2076,0.591,0.269,0.6074,0.9604,0.2979,0.6074,0.2646,0.574,0.6074,0.582,0.5127,0.6055,0.627,0.6094,0.586,0.269,0.2883,0.2812,0.6323,0.2883,0.442,0.665,0.336,0.699,0.2764,0.738,0.2429,0.2417,0.7397,0.788,0.7397,0.7334,0.743,0.591,0.2302,0.672,0.2432,0.657,0.6846,0.2429,0.786,0.646,0.625,0.2288,0.2344,0.582,0.625,0.788,0.2646,0.2157,0.2578,0.743,0.6367,0.574,0.2368,0.646,0.672
0.638,0.4082,0.7007,0.209,0.6904,0.6304,0.506,0.641,0.5576,0.634,0.624,0.633,0.121,0.96,0.2646,0.1454,0.6367,0.6924,0.6987,0.6646,0.677,0.121,0.742,0.6973,0.7007,0.7437,0.2383,0.6587,0.7383,0.2241,0.1454,0.6426,0.71,0.7104,0.624,0.633,0.707,0.96,0.707,0.645,0.6074,0.5713,0.2097,0.618,0.3909,0.635,0.96,0.2979,0.6104,0.2394,0.5723,0.6094,0.6006,0.3909,0.6006,0.599,0.4727,0.5884,0.2394,0.2883,0.2788,0.625,0.2883,0.4082,0.6587,0.4727,0.6987,0.2788,0.6816,0.2423,0.2423,0.711,0.7495,0.6924,0.747,0.745,0.667,0.2295,0.6694,0.2294,0.635,0.7354,0.243,0.702,0.673,0.6475,0.2295,0.2363,0.599,0.6396,0.742,0.2646,0.2294,0.2241,0.7437,0.638,0.5713,0.2363,0.6475,0.673
0.2332,0.5234,0.6123,0.2094,0.6914,0.6367,0.574,0.6416,0.6323,0.633,0.5454,0.6255,0.121,0.96,0.2646,0.1454,0.635,0.658,0.6777,0.667,0.6777,0.121,0.7104,0.699,0.7,0.727,0.2388,0.714,0.7456,0.2241,0.1454,0.667,0.71,0.6885,0.508,0.6606,0.709,0.8105,0.7217,0.617,0.617,0.619,0.2094,0.67,0.5303,0.5825,0.96,0.2979,0.573,0.3245,0.573,0.626,0.592,0.508,0.5996,0.5996,0.532,0.5635,0.3855,0.337,0.3079,0.626,0.2883,0.3245,0.658,0.5454,0.699,0.2542,0.6953,0.2423,0.2747,0.6953,0.746,0.6924,0.742,0.7456,0.667,0.252,0.619,0.253,0.635,0.714,0.2423,0.7,0.673,0.6475,0.2295,0.2446,0.5996,0.6367,0.743,0.2546,0.2393,0.2332,0.743,0.6426,0.5635,0.2393,0.6426,0.673
0.6514,0.3818,0.654,0.292,0.69,0.6367,0.5684,0.642,0.635,0.634,0.4197,0.621,0.2703,0.96,0.2534,0.2085,0.635,0.658,0.6777,0.7373,0.6777,0.1332,0.71,0.699,0.7,0.7344,0.2391,0.714,0.744,0.2268,0.1704,0.667,0.71,0.6924,0.508,0.664,0.7217,0.7373,0.7217,0.6333,0.619,0.619,0.2085,0.6685,0.5825,0.5825,0.96,0.296,0.573,0.2474,0.578,0.626,0.625,0.3777,0.4888,0.544,0.539,0.5537,0.3818,0.337,0.3079,0.59,0.292,0.2788,0.6074,0.573,0.636,0.253,0.645,0.254,0.2769,0.6924,0.746,0.671,0.6953,0.7207,0.6943,0.253,0.6567,0.253,0.617,0.6655,0.2434,0.6826,0.6777,0.6333,0.2268,0.2434,0.621,0.656,0.699,0.254,0.239,0.2769,0.744,0.66,0.5684,0.2391,0.6514,0.671
0.6714,0.5166,0.668,0.4043,0.6943,0.6367,0.4863,0.6104,0.55,0.634,0.369,0.5493,0.2622,0.96,0.2532,0.2085,0.634,0.6562,0.63,0.6855,0.6816,0.1332,0.657,0.7046,0.698,0.6562,0.3984,0.6753,0.721,0.2268,0.2069,0.6675,0.713,0.7026,0.5493,0.6274,0.628,0.7417,0.721,0.673,0.6216,0.6543,0.2085,0.668,0.6143,0.578,0.96,0.294,0.6562,0.2783,0.6123,0.6357,0.63,0.3083,0.3984,0.628,0.552,0.552,0.507,0.369,0.392,0.6274,0.343,0.2776,0.619,0.4604,0.5684,0.253,0.6606,0.2534,0.4224,0.694,0.7393,0.547,0.6206,0.671,0.6826,0.2534,0.6675,0.253,0.619,0.6675,0.253,0.669,0.665,0.6494,0.2268,0.2069,0.6206,0.6562,0.672,0.253,0.239,0.2776,0.7417,0.6606,0.5684,0.239,0.6543,0.6714
0.2347,0.5938,0.631,0.4438,0.69,0.635,0.4521,0.507,0.5894,0.6323,0.5005,0.525,0.2554,0.96,0.2534,0.2085,0.635,0.576,0.6104,0.6943,0.6543,0.2053,0.6562,0.7036,0.7036,0.635,0.507,0.674,0.6772,0.2268,0.2069,0.673,0.7036,0.688,0.55,0.629,0.658,0.7197,0.6943,0.673,0.621,0.6772,0.2085,0.6685,0.647,0.5845,0.96,0.2578,0.6504,0.2747,0.6157,0.635,0.629,0.3257,0.4104,0.5894,0.549,0.6006,0.5537,0.369,0.359,0.6045,0.4817,0.3435,0.617,0.4521,0.456,0.3545,0.6606,0.304,0.3572,0.6943,0.7197,0.549,0.621,0.671,0.677,0.3052,0.668,0.2812,0.6797,0.6943,0.2747,0.6685,0.671,0.647,0.254,0.2305,0.621,0.6562,0.674,0.2554,0.2347,0.2769,0.6797,0.6606,0.576,0.2578,0.6543,0.671
0.654,0.589,0.63,0.532,0.6846,0.6177,0.3435,0.4253,0.3987,0.631,0.504,0.516,0.3535,0.96,0.2544,0.295,0.635,0.4355,0.6133,0.565,0.6094,0.2168,0.633,0.668,0.6855,0.66,0.582,0.6284,0.6514,0.2168,0.2069,0.6626,0.696,0.6797,0.5996,0.6567,0.6567,0.68,0.691,0.68,0.6562,0.6855,0.2069,0.661,0.6543,0.6133,0.96,0.2578,0.6514,0.2747,0.617,0.626,0.6284,0.3535,0.3574,0.589,0.588,0.6177,0.5503,0.3633,0.3567,0.617,0.3677,0.4658,0.5415,0.454,0.4978,0.4272,0.544,0.2832,0.3574,0.619,0.687,0.5503,0.576,0.623,0.65,0.507,0.5874,0.3987,0.6357,0.6855,0.2893,0.668,0.6533,0.5996,0.5107,0.2327,0.617,0.5835,0.6724,0.2544,0.2327,0.2832,0.6797,0.661,0.576,0.2578,0.6353,0.654
0.627,0.621,0.6567,0.588,0.6567,0.618,0.3535,0.4287,0.51,0.633,0.507,0.546,0.4316,0.96,0.343,0.292,0.4434,0.3584,0.536,0.6216,0.6357,0.2168,0.5845,0.626,0.6562,0.6606,0.6367,0.632,0.6533,0.2168,0.2069,0.6445,0.6914,0.662,0.631,0.6436,0.6504,0.665,0.6514,0.6797,0.6587,0.668,0.2069,0.6587,0.654,0.5605,0.814,0.266,0.6514,0.266,0.716,0.672,0.65,0.502,0.342,0.588,0.509,0.542,0.548,0.4556,0.357,0.532,0.3623,0.4568,0.413,0.4766,0.4766,0.4287,0.5376,0.4104,0.3862,0.6177,0.6914,0.472,0.5757,0.6035,0.561,0.507,0.574,0.4434,0.605,0.6216,0.292,0.6367,0.6455,0.588,0.603,0.2327,0.6177,0.6035,0.672,0.342,0.2327,0.413,0.6416,0.6514,0.5996,0.3584,0.632,0.627
0.5645,0.624,0.6406,0.6143,0.6562,0.618,0.3552,0.514,0.5156,0.6323,0.511,0.566,0.4224,0.96,0.3423,0.4016,0.4255,0.3904,0.674,0.4785,0.634,0.3618,0.5664,0.535,0.509,0.6274,0.574,0.6025,0.6533,0.2876,0.2069,0.6533,0.647,0.6504,0.6274,0.68,0.651,0.5244,0.655,0.673,0.6562,0.665,0.2069,0.655,0.659,0.5605,0.6826,0.266,0.6553,0.266,0.68,0.6636,0.6377,0.5615,0.3425,0.644,0.576,0.56,0.5635,0.4807,0.4595,0.536,0.3618,0.4648,0.4402,0.4585,0.4785,0.4255,0.4973,0.4116,0.5244,0.5576,0.6826,0.4648,0.574,0.5806,0.6016,0.514,0.5723,0.535,0.6157,0.567,0.2898,0.6035,0.644,0.566,0.6035,0.2327,0.634,0.585,0.673,0.3423,0.2327,0.4983,0.6377,0.651,0.6016,0.394,0.5137,0.5645
0.5654,0.594,0.6426,0.621,0.629,0.5996,0.36,0.547,0.514,0.628,0.481,0.5537,0.4126,0.8213,0.4192,0.412,0.4812,0.4192,0.673,0.464,0.549,0.4536,0.5664,0.4944,0.458,0.5576,0.6064,0.602,0.6064,0.2886,0.2069,0.655,0.6064,0.668,0.628,0.6445,0.6494,0.625,0.62,0.677,0.6377,0.6616,0.2069,0.6465,0.6616,0.5625,0.668,0.266,0.619,0.266,0.677,0.625,0.629,0.5596,0.3423,0.6445,0.575,0.5615,0.4888,0.481,0.459,0.552,0.36,0.5537,0.4595,0.5063,0.483,0.4888,0.4978,0.412,0.547,0.5215,0.6714,0.464,0.623,0.6113,0.6016,0.563,0.5645,0.5425,0.629,0.5547,0.4216,0.5127,0.5776,0.5664,0.6064,0.2327,0.6357,0.5986,0.673,0.4705,0.3516,0.4248,0.5303,0.6494,0.566,0.458,0.514,0.5654
0.559,0.58,0.645,0.611,0.6045,0.6006,0.4824,0.5137,0.5063,0.574,0.5264,0.54,0.4158,0.693,0.4795,0.4458,0.481,0.4158,0.618,0.483,0.5493,0.4827,0.5347,0.5005,0.51,0.4712,0.5527,0.5767,0.592,0.3682,0.2069,0.658,0.599,0.6416,0.6284,0.6387,0.644,0.635,0.623,0.662,0.6367,0.657,0.2069,0.6533,0.6533,0.565,0.662,0.2494,0.62,0.266,0.585,0.6226,0.629,0.568,0.397,0.651,0.568,0.6064,0.545,0.4663,0.5063,0.509,0.4614,0.5063,0.4617,0.505,0.483,0.4734,0.5063,0.397,0.5493,0.51,0.672,0.4834,0.6226,0.609,0.611,0.4724,0.5825,0.545,0.6055,0.585,0.4478,0.5137,0.574,0.585,0.5977,0.2494,0.6167,0.5977,0.6445,0.4707,0.3682,0.4478,0.5347,0.6416,0.5615,0.559,0.5137,0.565
0.5234,0.5684,0.6367,0.591,0.605,0.5996,0.483,0.551,0.528,0.5615,0.528,0.5425,0.484,0.6567,0.4385,0.4312,0.482,0.4312,0.62,0.4824,0.5156,0.483,0.5254,0.5034,0.5176,0.471,0.533,0.53,0.591,0.4429,0.325,0.6577,0.4644,0.552,0.6226,0.6377,0.6445,0.622,0.623,0.607,0.622,0.6396,0.3389,0.6465,0.662,0.6055,0.662,0.2578,0.6094,0.2578,0.5786,0.6104,0.6235,0.5957,0.4963,0.662,0.5684,0.6094,0.5483,0.4644,0.5,0.508,0.4614,0.506,0.4807,0.4932,0.5127,0.473,0.51,0.4385,0.551,0.51,0.591,0.537,0.58,0.601,0.6104,0.536,0.584,0.454,0.5723,0.578,0.4473,0.5127,0.5635,0.585,0.588,0.2494,0.6055,0.598,0.625,0.482,0.454,0.4646,0.536,0.6567,0.513,0.5786,0.5234,0.5635
0.5195,0.5415,0.549,0.543,0.574,0.599,0.5254,0.538,0.535,0.5054,0.54,0.5713,0.483,0.5947,0.5166,0.4739,0.4756,0.534,0.623,0.4805,0.514,0.488,0.503,0.503,0.507,0.507,0.518,0.5234,0.557,0.445,0.3335,0.659,0.5107,0.5337,0.623,0.6387,0.6123,0.577,0.5957,0.6064,0.6216,0.619,0.4258,0.628,0.6406,0.6235,0.661,0.2578,0.626,0.2578,0.5947,0.5933,0.615,0.589,0.501,0.634,0.5713,0.5986,0.547,0.5215,0.5005,0.509,0.4436,0.5674,0.4673,0.488,0.5093,0.4756,0.507,0.4602,0.54,0.4622,0.5957,0.535,0.5933,0.6016,0.6055,0.499,0.5947,0.4832,0.6123,0.59,0.4644,0.4893,0.5264,0.558,0.589,0.3335,0.6055,0.5986,0.623,0.5093,0.5054,0.4644,0.5415,0.659,0.5093,0.5156,0.5195,0.549
0.5386,0.5312,0.54,0.551,0.5615,0.5977,0.5156,0.5366,0.534,0.5273,0.5337,0.5557,0.4817,0.5576,0.5176,0.4043,0.475,0.5537,0.5884,0.535,0.5156,0.5117,0.5073,0.4888,0.507,0.507,0.511,0.525,0.551,0.511,0.424,0.541,0.5107,0.5376,0.5757,0.58,0.596,0.5537,0.5757,0.6055,0.628,0.6426,0.424,0.6016,0.6265,0.6123,0.6426,0.2578,0.625,0.2578,0.6035,0.5986,0.607,0.5938,0.501,0.6094,0.5757,0.6084,0.55,0.594,0.548,0.509,0.452,0.55,0.4736,0.4888,0.5283,0.509,0.508,0.48,0.54,0.4639,0.597,0.5083,0.595,0.5547,0.5396,0.5396,0.592,0.4895,0.6035,0.593,0.465,0.546,0.597,0.5557,0.5635,0.4043,0.6055,0.6006,0.6006,0.509,0.4895,0.5215,0.5576,0.597,0.515,0.5156,0.5312,0.5386
0.534,0.535,0.5376,0.5225,0.5557,0.5977,0.53,0.5225,0.534,0.5293,0.5537,0.544,0.4856,0.551,0.5127,0.4775,0.498,0.5156,0.5137,0.5254,0.5205,0.5117,0.534,0.5117,0.509,0.508,0.5107,0.5254,0.531,0.5117,0.4775,0.54,0.4941,0.5156,0.55,0.5464,0.621,0.55,0.5605,0.583,0.6113,0.6055,0.4658,0.6035,0.626,0.6123,0.621,0.2578,0.619,0.2578,0.5967,0.6055,0.6074,0.597,0.5225,0.6074,0.5537,0.6006,0.588,0.591,0.5693,0.546,0.4688,0.551,0.5127,0.4893,0.533,0.5107,0.5283,0.5137,0.537,0.4644,0.5654,0.5156,0.5635,0.555,0.5547,0.537,0.496,0.5205,0.563,0.582,0.5234,0.5347,0.5664,0.5605,0.562,0.496,0.583,0.592,0.5947,0.509,0.5317,0.498,0.5547,0.5645,0.5156,0.54,0.5347,0.534
0.528,0.543,0.5435,0.5283,0.555,0.6025,0.509,0.5205,0.5293,0.5317,0.542,0.545,0.4814,0.5464,0.533,0.509,0.5137,0.5146,0.514,0.5195,0.52,0.5244,0.525,0.5186,0.5137,0.5117,0.5127,0.5186,0.5137,0.515,0.4983,0.494,0.5386,0.5176,0.5435,0.532,0.582,0.5586,0.5596,0.549,0.6094,0.5977,0.542,0.6045,0.5957,0.611,0.5605,0.2578,0.598,0.2578,0.5977,0.587,0.6025,0.59,0.523,0.545,0.554,0.6006,0.582,0.587,0.565,0.5728,0.495,0.543,0.5127,0.545,0.5244,0.51,0.551,0.532,0.5347,0.498,0.551,0.5205,0.5654,0.5527,0.5537,0.533,0.495,0.537,0.5615,0.5596,0.541,0.538,0.5674,0.5635,0.5635,0.539,0.587,0.587,0.5957,0.5244,0.511,0.505,0.5303,0.565,0.521,0.542,0.528,0.5317
0.535,0.535,0.539,0.5283,0.546,0.588,0.541,0.5254,0.5312,0.535,0.5547,0.541,0.503,0.546,0.532,0.5083,0.5273,0.514,0.523,0.5205,0.5205,0.5225,0.523,0.5596,0.5176,0.5117,0.5146,0.5166,0.514,0.5156,0.504,0.5234,0.535,0.515,0.543,0.524,0.559,0.556,0.555,0.55,0.571,0.577,0.5596,0.588,0.5776,0.6016,0.56,0.2578,0.5596,0.2578,0.5986,0.582,0.594,0.5884,0.5586,0.5513,0.555,0.5986,0.566,0.577,0.5713,0.5547,0.533,0.538,0.515,0.538,0.5312,0.5024,0.5195,0.5557,0.532,0.5195,0.5513,0.5264,0.559,0.5244,0.5405,0.536,0.5195,0.5327,0.5645,0.5464,0.544,0.541,0.566,0.5522,0.575,0.546,0.5605,0.574,0.6016,0.5244,0.543,0.504,0.5366,0.5645,0.5254,0.541,0.532,0.535
0.53,0.546,0.537,0.531,0.5405,0.5645,0.5527,0.539,0.535,0.5264,0.5454,0.543,0.5073,0.5444,0.538,0.508,0.527,0.5264,0.5244,0.5225,0.514,0.5225,0.537,0.541,0.5107,0.5273,0.5146,0.5264,0.5205,0.5156,0.5156,0.5234,0.5254,0.5254,0.534,0.529,0.544,0.546,0.55,0.55,0.5503,0.562,0.5605,0.5947,0.576,0.5815,0.5664,0.2578,0.559,0.2578,0.59,0.5815,0.5967,0.589,0.574,0.5557,0.5547,0.5967,0.5605,0.5757,0.5635,0.5576,0.5503,0.548,0.532,0.535,0.531,0.503,0.5273,0.5454,0.532,0.532,0.552,0.5293,0.544,0.534,0.5366,0.5366,0.5205,0.5396,0.551,0.545,0.5444,0.543,0.5664,0.5474,0.5615,0.5537,0.557,0.5664,0.5947,0.5454,0.544,0.5234,0.5303,0.5474,0.536,0.5386,0.534,0.53
0.535,0.538,0.5376,0.534,0.5405,0.566,0.5547,0.536,0.5347,0.5303,0.57,0.5405,0.5215,0.5425,0.54,0.5093,0.522,0.5312,0.5615,0.528,0.552,0.522,0.537,0.551,0.5186,0.523,0.522,0.5244,0.5225,0.531,0.522,0.5225,0.524,0.5234,0.5293,0.5273,0.5356,0.5537,0.537,0.552,0.5513,0.5586,0.551,0.5728,0.5713,0.577,0.574,0.2578,0.5513,0.2578,0.564,0.552,0.5854,0.587,0.5806,0.5693,0.544,0.5615,0.551,0.57,0.5537,0.558,0.5293,0.547,0.551,0.5337,0.541,0.5244,0.534,0.5293,0.537,0.563,0.541,0.5312,0.5376,0.537,0.537,0.537,0.5234,0.5386,0.545,0.545,0.5513,0.5435,0.555,0.5513,0.5566,0.554,0.5547,0.566,0.563,0.551,0.547,0.535,0.5327,0.547,0.536,0.5356,0.535,0.5312
0.5337,0.535,0.537,0.5356,0.539,0.552,0.553,0.545,0.5327,0.53,0.5576,0.54,0.5215,0.543,0.539,0.5225,0.54,0.5356,0.549,0.5327,0.551,0.536,0.536,0.5435,0.5205,0.533,0.532,0.5283,0.5244,0.5312,0.5225,0.5234,0.5234,0.5254,0.5264,0.5254,0.5244,0.539,0.538,0.545,0.5625,0.5586,0.5493,0.579,0.5703,0.5625,0.5767,0.4036,0.4775,0.391,0.56,0.5146,0.546,0.5654,0.575,0.561,0.547,0.561,0.549,0.5596,0.5537,0.559,0.5327,0.5527,0.552,0.533,0.5464,0.4688,0.535,0.4993,0.518,0.5635,0.54,0.5244,0.5283,0.5327,0.535,0.536,0.53,0.534,0.5396,0.542,0.547,0.5557,0.5557,0.551,0.56,0.5547,0.5547,0.5654,0.559,0.5547,0.551,0.543,0.538,0.5425,0.539,0.537,0.536,0.5337
0.5396,0.534,0.5356,0.547,0.537,0.5444,0.545,0.545,0.539,0.534,0.547,0.537,0.522,0.54,0.5396,0.5044,0.5356,0.5356,0.542,0.537,0.544,0.54,0.538,0.5483,0.5215,0.5356,0.532,0.4617,0.5283,0.5273,0.522,0.5264,0.5234,0.526,0.5264,0.5273,0.5293,0.5327,0.535,0.541,0.5513,0.5596,0.5474,0.5703,0.5605,0.524,0.574,0.4668,0.5044,0.4653,0.5605,0.53,0.5527,0.5596,0.5737,0.5737,0.5537,0.5625,0.5474,0.5566,0.5537,0.5586,0.5454,0.5483,0.5527,0.533,0.543,0.4653,0.54,0.53,0.524,0.5513,0.546,0.5347,0.5312,0.532,0.535,0.5317,0.4993,0.514,0.5283,0.535,0.541,0.5566,0.555,0.5503,0.5596,0.5522,0.5537,0.5566,0.5557,0.5557,0.5503,0.551,0.5444,0.541,0.542,0.5396,0.535,0.534
0.538,0.537,0.536,0.547,0.539,0.542,0.5435,0.549,0.541,0.5376,0.547,0.537,0.5293,0.535,0.537,0.5205,0.538,0.532,0.537,0.534,0.5396,0.5386,0.538,0.543,0.5225,0.534,0.5376,0.4634,0.533,0.5273,0.5225,0.5283,0.5254,0.55,0.527,0.5264,0.528,0.533,0.5312,0.536,0.544,0.552,0.547,0.5635,0.556,0.54,0.56,0.466,0.502,0.502,0.5312,0.5303,0.5415,0.5483,0.5625,0.55,0.5566,0.5605,0.5605,0.5586,0.556,0.5576,0.545,0.538,0.5547,0.5454,0.544,0.505,0.5225,0.5303,0.5273,0.551,0.5483,0.5283,0.53,0.532,0.5337,0.534,0.5156,0.5156,0.523,0.5312,0.536,0.5454,0.5566,0.548,0.56,0.547,0.549,0.5557,0.5557,0.5557,0.551,0.553,0.549,0.545,0.544,0.542,0.535,0.538
0.539,0.5376,0.538,0.5415,0.5273,0.542,0.543,0.5454,0.5415,0.5415,0.544,0.5396,0.5273,0.538,0.5376,0.524,0.538,0.535,0.536,0.535,0.538,0.5396,0.5366,0.54,0.5303,0.532,0.535,0.4648,0.534,0.531,0.5264,0.528,0.5273,0.5386,0.5273,0.5312,0.5273,0.5337,0.5317,0.518,0.539,0.557,0.543,0.5596,0.5557,0.5415,0.551,0.508,0.505,0.5166,0.518,0.5244,0.533,0.541,0.549,0.5493,0.5527,0.5566,0.5586,0.5586,0.558,0.5596,0.552,0.545,0.5537,0.547,0.5444,0.5244,0.5234,0.5312,0.5234,0.537,0.547,0.528,0.5303,0.532,0.535,0.534,0.5166,0.531,0.5234,0.5312,0.5337,0.5396,0.548,0.548,0.5596,0.5474,0.548,0.552,0.5537,0.5547,0.5527,0.553,0.549,0.549,0.5464,0.545,0.54,0.539
0.542,0.538,0.538,0.54,0.5337,0.5405,0.538,0.5435,0.54,0.542,0.5444,0.55,0.534,0.536,0.54,0.5234,0.537,0.536,0.536,0.5356,0.537,0.538,0.542,0.539,0.5347,0.533,0.534,0.4915,0.534,0.532,0.5283,0.5303,0.529,0.544,0.5283,0.53,0.528,0.5317,0.5317,0.5117,0.525,0.553,0.5327,0.546,0.5547,0.5405,0.55,0.533,0.517,0.5312,0.5176,0.528,0.5303,0.5356,0.542,0.55,0.5474,0.552,0.54,0.559,0.55,0.5557,0.548,0.546,0.55,0.547,0.547,0.525,0.535,0.533,0.5283,0.5327,0.538,0.533,0.5317,0.532,0.5337,0.534,0.5254,0.517,0.5244,0.528,0.531,0.5356,0.544,0.543,0.551,0.549,0.551,0.552,0.553,0.5547,0.5537,0.5522,0.551,0.55,0.5483,0.544,0.544,0.542
0.544,0.54,0.539,0.5396,0.5366,0.5386,0.533,0.5454,0.539,0.542,0.5312,0.545,0.5396,0.538,0.539,0.5254,0.528,0.537,0.532,0.536,0.5366,0.537,0.5396,0.539,0.5312,0.536,0.5347,0.5137,0.5347,0.533,0.531,0.5303,0.5283,0.537,0.5327,0.5303,0.533,0.532,0.532,0.532,0.5283,0.541,0.537,0.549,0.548,0.544,0.547,0.54,0.532,0.53,0.5264,0.5293,0.53,0.5327,0.537,0.5435,0.545,0.548,0.544,0.5537,0.547,0.549,0.5474,0.545,0.549,0.548,0.5474,0.5264,0.541,0.537,0.524,0.5283,0.533,0.533,0.5312,0.5327,0.533,0.5347,0.5293,0.5137,0.524,0.5273,0.529,0.532,0.536,0.542,0.5435,0.549,0.55,0.551,0.5537,0.5522,0.5527,0.5527,0.552,0.551,0.549,0.5474,0.546,0.544
0.548,0.542,0.5405,0.54,0.538,0.534,0.5356,0.5483,0.537,0.5396,0.535,0.54,0.54,0.539,0.539,0.5244,0.5273,0.5386,0.535,0.5356,0.522,0.536,0.538,0.5386,0.535,0.5356,0.535,0.5244,0.5293,0.5312,0.534,0.531,0.5293,0.533,0.533,0.5293,0.53,0.5327,0.532,0.532,0.531,0.536,0.5366,0.543,0.5454,0.545,0.546,0.543,0.5376,0.5337,0.5303,0.53,0.53,0.5312,0.534,0.539,0.5415,0.545,0.5444,0.549,0.548,0.5483,0.548,0.549,0.548,0.548,0.548,0.5293,0.5415,0.5425,0.5303,0.531,0.538,0.534,0.5327,0.5327,0.533,0.534,0.5312,0.522,0.528,0.5273,0.5293,0.53,0.533,0.5376,0.543,0.542,0.5483,0.5464,0.5527,0.55,0.5513,0.552,0.552,0.5464,0.5503,0.548,0.548,0.5464
0.548,0.545,0.5366,0.5425,0.54,0.539,0.536,0.542,0.5396,0.5396,0.537,0.5386,0.539,0.541,0.539,0.5317,0.5293,0.534,0.5347,0.535,0.5283,0.532,0.535,0.5376,0.536,0.5273,0.5356,0.5273,0.532,0.5317,0.533,0.532,0.531,0.532,0.5327,0.531,0.532,0.532,0.532,0.532,0.5312,0.5337,0.535,0.539,0.545,0.542,0.546,0.5425,0.54,0.537,0.5337,0.5317,0.531,0.5312,0.5327,0.536,0.539,0.542,0.545,0.5454,0.547,0.548,0.548,0.5483,0.548,0.547,0.55,0.5386,0.539,0.5405,0.531,0.5356,0.5376,0.535,0.534,0.535,0.534,0.534,0.5327,0.5273,0.5273,0.5303,0.5283,0.5293,0.5312,0.534,0.541,0.538,0.543,0.5444,0.5503,0.55,0.552,0.548,0.55,0.548,0.549,0.5483,0.548,0.547
0.5474,0.5483,0.536,0.545,0.542,0.5405,0.538,0.54,0.54,0.537,0.5386,0.5386,0.539,0.54,0.5396,0.535,0.532,0.533,0.535,0.5347,0.5312,0.5317,0.534,0.536,0.536,0.5317,0.5337,0.5303,0.5312,0.5312,0.532,0.532,0.5312,0.5317,0.532,0.5312,0.5317,0.532,0.532,0.532,0.5317,0.5327,0.534,0.544,0.541,0.5415,0.5464,0.542,0.541,0.539,0.536,0.534,0.532,0.5317,0.532,0.534,0.5366,0.539,0.545,0.545,0.543,0.5454,0.547,0.548,0.548,0.547,0.5483,0.5435,0.539,0.541,0.5312,0.536,0.539,0.538,0.536,0.5356,0.535,0.5347,0.5337,0.5303,0.5283,0.5303,0.5293,0.529,0.5303,0.532,0.5366,0.537,0.54,0.545,0.5483,0.545,0.544,0.5464,0.5493,0.547,0.548,0.548,0.548,0.5474
0.5474,0.548,0.542,0.5435,0.543,0.54,0.5405,0.54,0.535,0.5386,0.5386,0.5386,0.539,0.5396,0.5396,0.537,0.5347,0.533,0.535,0.535,0.533,0.532,0.533,0.5347,0.535,0.533,0.533,0.5303,0.5312,0.5312,0.5317,0.532,0.5317,0.5317,0.532,0.5317,0.5317,0.532,0.532,0.532,0.532,0.5327,0.533,0.5386,0.54,0.539,0.543,0.5425,0.542,0.5405,0.538,0.536,0.534,0.533,0.5327,0.533,0.536,0.5376,0.541,0.543,0.543,0.546,0.545,0.5464,0.548,0.5464,0.5474,0.5454,0.542,0.5415,0.532,0.536,0.5376,0.538,0.537,0.536,0.536,0.535,0.535,0.541,0.5303,0.5312,0.532,0.534,0.531,0.5376,0.535,0.534,0.537,0.541,0.548,0.543,0.5376,0.545,0.541,0.5474,0.546,0.547,0.5474,0.5474
0.547,0.548,0.545,0.539,0.544,0.542,0.541,0.5405,0.539,0.538,0.538,0.538,0.5386,0.539,0.539,0.538,0.538,0.5347,0.537,0.536,0.5347,0.533,0.533,0.534,0.5347,0.534,0.5337,0.532,0.5317,0.5312,0.5312,0.5317,0.5317,0.5317,0.532,0.532,0.532,0.532,0.532,0.532,0.532,0.532,0.5327,0.5356,0.538,0.537,0.54,0.542,0.541,0.541,0.5396,0.538,0.536,0.5347,0.5337,0.533,0.5347,0.536,0.5386,0.541,0.542,0.544,0.5444,0.5454,0.547,0.547,0.547,0.546,0.544,0.542,0.538,0.537,0.537,0.5376,0.537,0.5366,0.536,0.5356,0.535,0.538,0.532,0.5347,0.533,0.5337,0.5312,0.5356,0.535,0.5337,0.535,0.538,0.543,0.543,0.54,0.5425,0.542,0.5444,0.545,0.546,0.547,0.547
0.5454,0.547,0.546,0.5425,0.543,0.5425,0.542,0.54,0.5405,0.539,0.5386,0.538,0.538,0.5386,0.539,0.5386,0.538,0.536,0.5366,0.536,0.535,0.534,0.5337,0.534,0.534,0.537,0.534,0.533,0.532,0.5317,0.5312,0.5312,0.5312,0.5312,0.5317,0.532,0.532,0.532,0.532,0.532,0.532,0.532,0.532,0.534,0.536,0.5366,0.538,0.54,0.5405,0.541,0.537,0.5396,0.538,0.536,0.535,0.534,0.534,0.535,0.537,0.539,0.5405,0.542,0.5435,0.546,0.545,0.546,0.5464,0.546,0.5435,0.544,0.541,0.539,0.538,0.537,0.5376,0.537,0.5366,0.536,0.5356,0.537,0.5347,0.5347,0.534,0.534,0.5327,0.534,0.5347,0.534,0.5347,0.536,0.5396,0.541,0.5405,0.5415,0.542,0.544,0.5435,0.545,0.5454,0.547
0.545,0.546,0.5464,0.544,0.543,0.5435,0.543,0.5415,0.541,0.54,0.539,0.5386,0.538,0.538,0.5386,0.5386,0.538,0.537,0.537,0.5366,0.536,0.535,0.534,0.5347,0.534,0.5356,0.535,0.5327,0.5337,0.5327,0.532,0.5317,0.5312,0.5312,0.5312,0.5317,0.532,0.532,0.532,0.532,0.532,0.532,0.532,0.533,0.5347,0.5356,0.537,0.5386,0.5396,0.54,0.5386,0.539,0.5386,0.537,0.536,0.535,0.5347,0.535,0.536,0.5376,0.539,0.5405,0.542,0.544,0.5444,0.545,0.545,0.5454,0.5444,0.545,0.543,0.541,0.5396,0.538,0.538,0.5376,0.537,0.5366,0.536,0.5366,0.5356,0.535,0.5347,0.534,0.533,0.5337,0.534,0.534,0.534,0.535,0.537,0.539,0.54,0.541,0.5415,0.543,0.543,0.544,0.545,0.5464
0.544,0.5454,0.546,0.545,0.544,0.544,0.5435,0.5425,0.542,0.541,0.54,0.539,0.5386,0.54,0.538,0.538,0.538,0.5376,0.537,0.537,0.5366,0.536,0.535,0.535,0.5347,0.535,0.535,0.533,0.534,0.533,0.533,0.532,0.5317,0.5312,0.5312,0.5312,0.5317,0.532,0.532,0.532,0.532,0.532,0.532,0.5327,0.5337,0.5347,0.536,0.537,0.539,0.539,0.539,0.539,0.539,0.538,0.537,0.541,0.535,0.535,0.538,0.5366,0.538,0.538,0.54,0.542,0.543,0.544,0.5444,0.545,0.545,0.545,0.544,0.5425,0.539,0.54,0.539,0.538,0.5376,0.537,0.5366,0.5366,0.535,0.536,0.535,0.5347,0.534,0.534,0.534,0.534,0.534,0.5347,0.536,0.5376,0.539,0.54,0.54,0.5415,0.542,0.543,0.544,0.541
0.542,0.545,0.5425,0.545,0.5444,0.544,0.542,0.543,0.5425,0.542,0.541,0.54,0.538,0.54,0.539,0.5386,0.538,0.538,0.5376,0.537,0.537,0.5366,0.536,0.5356,0.535,0.535,0.535,0.534,0.534,0.5337,0.5337,0.533,0.532,0.5317,0.5312,0.5312,0.5312,0.5317,0.532,0.532,0.532,0.532,0.532,0.535,0.533,0.534,0.535,0.536,0.5376,0.538,0.5386,0.539,0.539,0.5386,0.538,0.54,0.5376,0.536,0.537,0.537,0.5376,0.538,0.539,0.5405,0.542,0.543,0.544,0.5444,0.545,0.545,0.5444,0.5435,0.543,0.5415,0.54,0.539,0.537,0.537,0.537,0.537,0.536,0.536,0.5356,0.535,0.5347,0.534,0.534,0.534,0.534,0.534,0.535,0.536,0.5376,0.539,0.5396,0.5405,0.541,0.542,0.543,0.542
0.542,0.5435,0.543,0.544,0.544,0.544,0.543,0.543,0.543,0.5425,0.542,0.541,0.5396,0.54,0.5396,0.539,0.5386,0.538,0.538,0.5376,0.537,0.537,0.5366,0.536,0.5356,0.535,0.535,0.534,0.534,0.534,0.534,0.5337,0.533,0.532,0.5317,0.5312,0.5312,0.5312,0.5317,0.532,0.532,0.532,0.532,0.5337,0.533,0.5337,0.534,0.535,0.536,0.537,0.538,0.5386,0.539,0.539,0.5386,0.539,0.538,0.537,0.537,0.537,0.537,0.5376,0.538,0.539,0.5405,0.542,0.543,0.5444,0.5444,0.5444,0.5444,0.544,0.5435,0.539,0.542,0.5405,0.539,0.539,0.538,0.5376,0.537,0.5366,0.536,0.5356,0.534,0.535,0.5347,0.534,0.534,0.534,0.5347,0.535,0.536,0.5376,0.5386,0.5396,0.54,0.541,0.542,0.542
0.5415,0.543,0.543,0.543,0.544,0.544,0.5435,0.543,0.543,0.543,0.5425,0.542,0.541,0.5405,0.54,0.5396,0.539,0.5386,0.538,0.538,0.5376,0.537,0.537,0.5366,0.536,0.5356,0.535,0.5347,0.534,0.534,0.534,0.534,0.5337,0.533,0.532,0.5317,0.5312,0.5312,0.5312,0.5317,0.532,0.532,0.532,0.533,0.533,0.533,0.5337,0.534,0.535,0.536,0.537,0.538,0.5386,0.539,0.539,0.539,0.5386,0.538,0.5376,0.537,0.537,0.537,0.5376,0.538,0.539,0.5405,0.542,0.543,0.544,0.544,0.5425,0.544,0.544,0.5415,0.542,0.542,0.5405,0.54,0.539,0.538,0.5376,0.537,0.5366,0.536,0.535,0.535,0.535,0.5347,0.534,0.534,0.534,0.5347,0.535,0.536,0.537,0.538,0.539,0.54,0.541,0.5415
0.54,0.542,0.5425,0.543,0.5435,0.543,0.544,0.5435,0.543,0.543,0.543,0.5425,0.542,0.541,0.5405,0.54,0.54,0.539,0.5386,0.538,0.538,0.5376,0.537,0.537,0.5366,0.536,0.536,0.535,0.5347,0.534,0.534,0.534,0.534,0.5337,0.533,0.532,0.5317,0.5312,0.5312,0.5312,0.5317,0.532,0.532,0.5327,0.533,0.533,0.533,0.5337,0.534,0.535,0.536,0.537,0.538,0.5386,0.539,0.539,0.539,0.5386,0.538,0.5376,0.537,0.5366,0.537,0.5376,0.538,0.539,0.5405,0.542,0.543,0.5435,0.543,0.5435,0.544,0.543,0.5425,0.542,0.541,0.5405,0.54,0.539,0.538,0.5376,0.537,0.5366,0.536,0.5356,0.535,0.535,0.5347,0.534,0.534,0.534,0.5347,0.535,0.536,0.537,0.538,0.539,0.54,0.543
0.541,0.541,0.543,0.5425,0.543,0.543,0.5435,0.5435,0.543,0.543,0.543,0.543,0.5425,0.542,0.541,0.5405,0.54,0.5396,0.539,0.5386,0.538,0.538,0.5376,0.537,0.537,0.5366,0.536,0.5356,0.535,0.5347,0.534,0.534,0.534,0.534,0.5337,0.533,0.532,0.5317,0.5312,0.5312,0.5312,0.5317,0.532,0.533,0.5327,0.533,0.533,0.533,0.5337,0.534,0.535,0.536,0.537,0.538,0.5386,0.539,0.539,0.539,0.5386,0.538,0.5376,0.537,0.537,0.537,0.5376,0.538,0.539,0.5405,0.542,0.543,0.543,0.543,0.543,0.543,0.543,0.5425,0.542,0.541,0.5405,0.54,0.539,0.538,0.5376,0.537,0.5366,0.536,0.5356,0.535,0.535,0.5347,0.534,0.534,0.534,0.5347,0.535,0.536,0.537,0.538,0.539,0.541
0.5396,0.541,0.543,0.542,0.5425,0.543,0.543,0.543,0.543,0.543,0.543,0.543,0.543,0.5425,0.542,0.541,0.5405,0.539,0.54,0.539,0.5386,0.538,0.538,0.535,0.537,0.537,0.5366,0.536,0.5356,0.535,0.5347,0.534,0.534,0.534,0.534,0.5337,0.533,0.532,0.5317,0.5312,0.5312,0.5312,0.5317,0.532,0.535,0.5327,0.533,0.533,0.533,0.5337,0.534,0.535,0.536,0.537,0.538,0.5386,0.539,0.539,0.539,0.5386,0.538,0.5376,0.537,0.537,0.537,0.5376,0.538,0.539,0.5405,0.542,0.5425,0.543,0.543,0.543,0.543,0.543,0.5425,0.542,0.541,0.5405,0.54,0.539,0.538,0.5376,0.537,0.5366,0.536,0.5356,0.535,0.535,0.5347,0.534,0.534,0.534,0.5347,0.535,0.536,0.537,0.538,0.5396
0.538,0.54,0.5415,0.542,0.542,0.5425,0.543,0.543,0.543,0.543,0.543,0.543,0.543,0.543,0.5425,0.542,0.541,0.54,0.54,0.5396,0.539,0.5386,0.538,0.5366,0.537,0.537,0.537,0.5366,0.536,0.5356,0.535,0.5347,0.534,0.534,0.534,0.534,0.5337,0.533,0.532,0.5317,0.5312,0.5312,0.5312,0.5317,0.533,0.532,0.533,0.533,0.533,0.533,0.5337,0.534,0.535,0.536,0.537,0.538,0.5386,0.539,0.539,0.539,0.5386,0.538,0.5376,0.537,0.537,0.537,0.5376,0.538,0.539,0.5405,0.5415,0.542,0.5425,0.543,0.543,0.543,0.543,0.5425,0.542,0.541,0.5405,0.54,0.539,0.538,0.5376,0.537,0.5366,0.536,0.5356,0.535,0.535,0.5347,0.534,0.534,0.534,0.5347,0.535,0.536,0.537,0.538
0.537,0.539,0.54,0.541,0.5415,0.542,0.5425,0.543,0.543,0.543,0.543,0.543,0.543,0.543,0.543,0.5425,0.542,0.541,0.5405,0.54,0.54,0.539,0.5386,0.5376,0.537,0.537,0.537,0.537,0.5366,0.536,0.5356,0.535,0.5347,0.534,0.534,0.534,0.534,0.5337,0.533,0.532,0.5317,0.5312,0.5312,0.5312,0.532,0.532,0.5327,0.533,0.533,0.533,0.533,0.5337,0.534,0.535,0.536,0.537,0.538,0.5386,0.539,0.539,0.539,0.5386,0.538,0.5376,0.537,0.537,0.537,0.5376,0.538,0.539,0.54,0.541,0.542,0.5425,0.543,0.543,0.543,0.543,0.5425,0.542,0.541,0.5405,0.54,0.539,0.538,0.5376,0.537,0.5366,0.536,0.5356,0.535,0.535,0.5347,0.534,0.534,0.534,0.5347,0.535,0.536,0.537
0.536,0.538,0.539,0.54,0.537,0.541,0.542,0.5425,0.543,0.543,0.543,0.543,0.543,0.543,0.543,0.543,0.5425,0.542,0.541,0.5405,0.54,0.5396,0.539,0.538,0.5376,0.537,0.537,0.537,0.537,0.5366,0.536,0.5356,0.535,0.5347,0.534,0.534,0.534,0.534,0.5327,0.535,0.5327,0.533,0.532,0.533,0.532,0.532,0.532,0.5327,0.533,0.533,0.533,0.533,0.5337,0.534,0.535,0.536,0.537,0.538,0.5386,0.539,0.539,0.539,0.5386,0.538,0.5376,0.537,0.537,0.537,0.5376,0.538,0.539,0.54,0.541,0.542,0.5425,0.543,0.543,0.543,0.543,0.5425,0.542,0.541,0.5405,0.54,0.539,0.538,0.5376,0.537,0.5366,0.536,0.5356,0.535,0.535,0.5347,0.534,0.534,0.534,0.5337,0.535,0.536
0.535,0.537,0.538,0.539,0.538,0.5396,0.541,0.542,0.5425,0.543,0.543,0.543,0.543,0.543,0.543,0.543,0.543,0.5425,0.542,0.541,0.5405,0.54,0.5396,0.539,0.538,0.5376,0.537,0.537,0.537,0.537,0.5366,0.536,0.5356,0.535,0.5347,0.534,0.534,0.534,0.533,0.534,0.533,0.533,0.5327,0.533,0.5327,0.532,0.532,0.532,0.5327,0.533,0.533,0.533,0.533,0.5337,0.534,0.535,0.536,0.537,0.538,0.5386,0.539,0.539,0.539,0.5386,0.538,0.5376,0.537,0.537,0.537,0.5376,0.538,0.539,0.54,0.541,0.542,0.5425,0.543,0.543,0.543,0.543,0.5425,0.542,0.541,0.5405,0.54,0.539,0.538,0.5376,0.537,0.5366,0.536,0.5356,0.535,0.535,0.5347,0.534,0.534,0.534,0.5347,0.535
0.5347,0.536,0.537,0.538,0.538,0.539,0.54,0.541,0.542,0.5425,0.543,0.543,0.543,0.543,0.543,0.543,0.543,0.543,0.5425,0.542,0.541,0.5405,0.5386,0.54,0.539,0.538,0.5376,0.537,0.537,0.537,0.537,0.5366,0.536,0.5356,0.535,0.5347,0.534,0.534,0.5337,0.534,0.5337,0.533,0.533,0.533,0.533,0.5327,0.532,0.532,0.532,0.5327,0.533,0.533,0.533,0.533,0.5337,0.534,0.535,0.536,0.537,0.538,0.5386,0.539,0.539,0.539,0.5386,0.5386,0.538,0.5376,0.537,0.537,0.5376,0.538,0.539,0.54,0.541,0.542,0.5425,0.543,0.543,0.543,0.543,0.5425,0.542,0.541,0.5405,0.54,0.539,0.538,0.5376,0.537,0.5366,0.536,0.5356,0.535,0.535,0.5347,0.534,0.534,0.534,0.5347
0.534,0.535,0.536,0.537,0.5376,0.538,0.539,0.54,0.541,0.542,0.5425,0.543,0.543,0.543,0.543,0.543,0.543,0.543,0.543,0.5425,0.542,0.541,0.54,0.54,0.5396,0.539,0.538,0.5376,0.537,0.537,0.537,0.537,0.5366,0.536,0.5356,0.535,0.5347,0.534,0.534,0.534,0.534,0.5337,0.533,0.533,0.533,0.533,0.5327,0.532,0.532,0.532,0.5327,0.533,0.533,0.533,0.533,0.5337,0.534,0.535,0.536,0.537,0.538,0.5386,0.539,0.539,0.539,0.539,0.5386,0.538,0.5376,0.537,0.537,0.5376,0.538,0.539,0.54,0.541,0.542,0.5425,0.543,0.543,0.543,0.543,0.5425,0.542,0.541,0.541,0.54,0.539,0.538,0.5376,0.537,0.5366,0.536,0.5356,0.535,0.535,0.5347,0.534,0.534,0.534
0.534,0.5347,0.535,0.536,0.537,0.5376,0.538,0.539,0.54,0.541,0.542,0.5425,0.543,0.543,0.543,0.543,0.543,0.543,0.543,0.543,0.5425,0.542,0.541,0.5405,0.5386,0.54,0.539,0.538,0.5376,0.537,0.537,0.537,0.537,0.5366,0.536,0.5356,0.535,0.5347,0.534,0.534,0.534,0.534,0.5337,0.533,0.533,0.533,0.533,0.5327,0.532,0.532,0.532,0.5327,0.533,0.533,0.533,0.533,0.5337,0.534,0.535,0.536,0.537,0.538,0.5386,0.539,0.539,0.539,0.539,0.5386,0.5386,0.538,0.5376,0.5376,0.538,0.5386,0.539,0.54,0.541,0.542,0.5425,0.543,0.543,0.543,0.543,0.5425,0.542,0.5415,0.541,0.54,0.539,0.538,0.5376,0.537,0.5366,0.536,0.5356,0.535,0.535,0.5347,0.534,0.534
0.534,0.534,0.5347,0.535,0.536,0.537,0.5376,0.538,0.539,0.54,0.541,0.542,0.5425,0.543,0.543,0.543,0.543,0.543,0.543,0.543,0.543,0.5425,0.542,0.541,0.54,0.54,0.5396,0.539,0.538,0.5376,0.537,0.537,0.537,0.537,0.5366,0.539,0.5356,0.535,0.5347,0.534,0.534,0.534,0.534,0.5337,0.533,0.533,0.533,0.533,0.5327,0.532,0.532,0.532,0.5327,0.533,0.533,0.533,0.533,0.5337,0.534,0.535,0.536,0.537,0.538,0.5386,0.539,0.539,0.539,0.539,0.539,0.5386,0.538,0.538,0.538,0.538,0.5386,0.539,0.54,0.541,0.542,0.5425,0.543,0.543,0.543,0.543,0.5425,0.539,0.542,0.541,0.54,0.539,0.538,0.5376,0.537,0.5366,0.536,0.5356,0.535,0.535,0.5347,0.534
0.5347,0.534,0.534,0.5347,0.535,0.536,0.537,0.5376,0.538,0.539,0.54,0.541,0.542,0.5425,0.543,0.543,0.543,0.543,0.543,0.543,0.543,0.543,0.5425,0.542,0.541,0.5405,0.54,0.5396,0.539,0.538,0.5376,0.537,0.537,0.537,0.537,0.538,0.537,0.536,0.535,0.5347,0.534,0.534,0.534,0.534,0.5337,0.533,0.533,0.533,0.533,0.5327,0.532,0.532,0.532,0.5327,0.533,0.533,0.533,0.533,0.5337,0.534,0.535,0.536,0.537,0.538,0.5386,0.539,0.539,0.539,0.539,0.539,0.5386,0.538,0.538,0.538,0.538,0.5386,0.539,0.54,0.541,0.542,0.5425,0.543,0.543,0.543,0.543,0.541,0.5415,0.541,0.5405,0.54,0.539,0.538,0.5376,0.536,0.5366,0.536,0.536,0.5356,0.535,0.5347
0.535,0.534,0.534,0.534,0.5347,0.535,0.536,0.537,0.5376,0.538,0.539,0.54,0.541,0.542,0.5425,0.543,0.543,0.543,0.543,0.543,0.543,0.543,0.543,0.5425,0.542,0.541,0.5405,0.539,0.54,0.5396,0.5386,0.538,0.5376,0.537,0.537,0.5376,0.537,0.5366,0.536,0.535,0.5347,0.534,0.534,0.534,0.534,0.5337,0.533,0.533,0.533,0.533,0.5327,0.532,0.532,0.532,0.5327,0.533,0.533,0.533,0.533,0.5337,0.534,0.535,0.536,0.537,0.538,0.5386,0.539,0.539,0.539,0.539,0.539,0.5386,0.538,0.538,0.538,0.538,0.5386,0.539,0.54,0.541,0.542,0.5425,0.543,0.543,0.543,0.542,0.5396,0.5415,0.541,0.5405,0.54,0.539,0.539,0.5366,0.537,0.5366,0.536,0.5366,0.5356,0.535
0.536,0.5347,0.534,0.534,0.534,0.5347,0.535,0.536,0.537,0.5376,0.538,0.539,0.54,0.541,0.542,0.5425,0.543,0.543,0.543,0.543,0.543,0.543,0.543,0.543,0.5425,0.542,0.541,0.54,0.54,0.54,0.539,0.5386,0.538,0.5376,0.537,0.537,0.537,0.537,0.5366,0.536,0.535,0.5347,0.534,0.534,0.534,0.534,0.5337,0.533,0.533,0.533,0.533,0.5327,0.532,0.532,0.532,0.5327,0.533,0.533,0.533,0.533,0.5337,0.534,0.535,0.536,0.537,0.538,0.5386,0.539,0.539,0.539,0.54,0.539,0.5386,0.538,0.538,0.538,0.538,0.5386,0.539,0.54,0.541,0.542,0.5425,0.543,0.543,0.5425,0.539,0.54,0.542,0.54,0.541,0.54,0.5396,0.538,0.5376,0.537,0.5366,0.5366,0.535,0.536
0.536,0.535,0.5347,0.534,0.534,0.534,0.5347,0.535,0.536,0.537,0.5376,0.538,0.539,0.54,0.541,0.542,0.5425,0.543,0.543,0.543,0.543,0.543,0.543,0.543,0.543,0.5425,0.542,0.541,0.5405,0.54,0.5396,0.539,0.5386,0.538,0.5376,0.537,0.537,0.537,0.537,0.5366,0.536,0.535,0.5347,0.534,0.534,0.534,0.534,0.5337,0.533,0.533,0.533,0.533,0.5327,0.532,0.532,0.532,0.5327,0.533,0.533,0.533,0.533,0.5337,0.534,0.535,0.536,0.537,0.538,0.5386,0.539,0.539,0.5396,0.539,0.539,0.5386,0.538,0.538,0.538,0.538,0.5386,0.539,0.54,0.541,0.542,0.5425,0.543,0.543,0.541,0.5405,0.541,0.5405,0.541,0.5405,0.54,0.539,0.538,0.5376,0.537,0.537,0.536,0.536
0.536,0.5356,0.535,0.5347,0.534,0.534,0.534,0.5347,0.535,0.536,0.537,0.5376,0.538,0.539,0.54,0.541,0.542,0.5425,0.543,0.543,0.543,0.543,0.543,0.543,0.543,0.543,0.5425,0.542,0.541,0.5405,0.54,0.5396,0.539,0.5386,0.538,0.5376,0.537,0.537,0.537,0.536,0.5366,0.536,0.535,0.5347,0.534,0.534,0.534,0.534,0.5337,0.533,0.533,0.533,0.533,0.5327,0.532,0.532,0.532,0.5327,0.533,0.533,0.533,0.533,0.5337,0.534,0.535,0.536,0.537,0.538,0.5386,0.539,0.539,0.539,0.539,0.539,0.5386,0.538,0.538,0.538,0.538,0.5386,0.539,0.54,0.541,0.542,0.5425,0.543,0.542,0.541,0.541,0.541,0.541,0.541,0.5405,0.54,0.539,0.538,0.5376,0.537,0.5366,0.536
0.5366,0.536,0.5356,0.535,0.5347,0.534,0.534,0.534,0.5347,0.535,0.536,0.537,0.5376,0.538,0.539,0.54,0.541,0.541,0.5425,0.543,0.543,0.543,0.543,0.543,0.543,0.543,0.543,0.5425,0.542,0.541,0.5405,0.541,0.54,0.539,0.5386,0.538,0.5376,0.537,0.537,0.5366,0.5366,0.536,0.5356,0.535,0.5347,0.534,0.534,0.534,0.534,0.5337,0.533,0.533,0.533,0.533,0.5327,0.532,0.532,0.532,0.5327,0.533,0.533,0.533,0.533,0.5337,0.534,0.535,0.536,0.537,0.538,0.5386,0.539,0.539,0.539,0.539,0.539,0.5386,0.538,0.538,0.538,0.538,0.5386,0.539,0.54,0.541,0.542,0.5425,0.542,0.5415,0.541,0.541,0.541,0.541,0.541,0.5405,0.54,0.539,0.538,0.5376,0.537,0.5366
